código;nomes
1;Diana Mendes
2;Enzo Oliveira
3;Fabiana Costa
4;Gustavo Martins
5;Heloísa Almeida
6;Igor Silva
7;Jade Ribeiro
8;Kátia Gonçalves
9;Leandro Pereira
10;Melissa Souza
11;Natália Ferreira
12;Otávio Rocha
13;Paula Moreira
14;Ricardo Monteiro
15;Sabrina Carvalho
16;Tomás Campos
17;Ursula Andrade
18;Vinícius Lima
19;William Duarte
20;Xênia Barros
21;Yolanda Batista
22;Zeca Machado
23;Ana Oliveira
24;Bruno Martins
25;Carolina Silva
26;Daniel Costa
27;Eduardo Souza
28;Fernanda Alves
29;Gabriel Rocha
30;Helena Pereira
31;Isabella Lima
32;João Fernandes
33;Júlia Ribeiro
34;Lucas Almeida
35;Mariana Santos
36;Nicolas Mendes
37;Olivia Ferreira
38;Pedro Gonçalves
39;Quezia Andrade
40;Rafael Lima
41;Sofia Moreira
42;Tiago Monteiro
43;Uirá Carvalho
44;Valentina Campos
45;Wagner Barros
46;Yasmin Duarte
47;Zeca Batista
48;Arthur Freitas
49;Bianca Nogueira
50;Caio Neves
51;Aline Santos
52;Beto Braga
53;Cássia Pires
54;Diogo Moraes
55;Elisa Lemos
56;Felipe Silva
57;Glória Torres
58;Hugo Marques
59;Ingrid Santos
60;Jefferson Cardoso
61;Kelly Lima
62;Leonardo Alves
63;Mônica Ramos
64;Nathan Ferreira
65;Otília Azevedo
66;Priscila Rocha
67;Rafael Costa
68;Simone Almeida
69;Thales Oliveira
70;Ulisses Carvalho
71;Vanessa Monteiro
72;Wellington Silva
73;Xênia Costa
74;Yago Fernandes
75;Zuleica Santana
76;Andréa Martins
77;Bruno Silva
78;Camila Gonçalves
79;Diego Costa
80;Elaine Oliveira
81;Fábio Santos
82;Giovana Mendes
83;Henrique Rocha
84;Isadora Lima
85;Jonas Cardoso
86;Karla Alves
87;Luís Ferreira
88;Manuela Monteiro
89;Natália Campos
90;Orlando Silva
91;Paula Andrade
92;Roberta Moreira
93;Samuel Carvalho
94;Tatiana Duarte
95;Ulisses Lima
96;Vitória Batista
97;Wagner Campos
98;Xênia Andrade
99;Yara Pereira
100;Zeca Costa
101;Alessandra Nogueira
102;Breno Martins
103;Carla Ferreira
104;Douglas Silva
105;Eduarda Lima
106;Felipe Costa
107;Gabriel Oliveira
108;Heloísa Santos
109;Igor Mendes
110;Janaína Campos
111;Kauê Rocha
112;Letícia Carvalho
113;Marcelo Duarte
114;Nívia Moreira
115;Olivia Almeida
116;Pedro Campos
117;Quirino Gonçalves
118;Rafaela Silva
119;Sabrina Lima
120;Tiago Pereira
121;Ulisses Santos
122;Vitória Andrade
123;Wellington Costa
124;Xênia Barros
125;Yara Silva
126;Zuleica Pereira
127;Amélia Santos
128;Bruno Oliveira
129;Carla Lima
130;Diego Rocha
131;Elisa Moreira
132;Fabrício Costa
133;Gustavo Pereira
134;Helena Campos
135;Igor Mendes
136;Janaína Oliveira
137;Kauê Lima
138;Lara Andrade
139;Marcelo Rocha
140;Nívea Santos
141;Otávio Costa
142;Paula Almeida
143;Ricardo Gonçalves
144;Sabrina Mendes
145;Tatiana Rocha
146;Ulisses Costa
147;Valéria Lima
148;Wellington Moreira
149;Xênia Mendes
150;Yara Campos
151;Ana Paula Oliveira
152;Beto Gonçalves
153;Camila Moreira
154;Diogo Pereira
155;Estela Silva
156;Felipe Alves
157;Glória Costa
158;Hugo Martins
159;Isabela Rocha
160;Jorge Lima
161;Karina Duarte
162;Leonardo Campos
163;Mônica Santos
164;Natan Almeida
165;Otília Gonçalves
166;Patrícia Mendes
167;Rafael Moreira
168;Sílvia Lima
169;Thiago Pereira
170;Úrsula Costa
171;Valéria Andrade
172;Wagner Carvalho
173;Xênia Silva
174;Yasmin Pereira
175;Zeca Santos
176;André Gonçalves
177;Bruna Lima
178;Carlos Silva
179;Débora Moreira
180;Eduarda Rocha
181;Fernando Santos
182;Gabriela Almeida
183;Helena Campos
184;Igor Costa
185;Jéssica Andrade
186;Kauê Pereira
187;Luana Lima
188;Márcio Gonçalves
189;Natália Silva
190;Otávio Moreira
191;Paula Santos
192;Ricardo Lima
193;Samantha Rocha
194;Tatiana Carvalho
195;Ulisses Silva
196;Vanessa Pereira
197;William Costa
198;Xênia Andrade
199;Yara Gonçalves
200;Zuleica Santos
201;Aline Costa
202;Alessandra Silva
203;Breno Santos
204;Breno Lima
205;Cássia Lima
206;Carla Moreira
207;Daniel Pereira
208;Diego Costa
209;Elisa Gonçalves
210;Elisa Santos
211;Felipe Moreira
212;Felipe Oliveira
213;Glória Oliveira
214;Glória Gonçalves
215;Hugo Silva
216;Hugo Lima
217;Isabela Mendes
218;Isadora Moreira
219;João Campos
220;João Silva
221;Karina Moreira
222;Karina Costa
223;Lucas Costa
224;Lucas Gonçalves
225;Márcia Santos
226;Márcia Lima
227;Natan Pereira
228;Natan Santos
229;Olivia Lima
230;Olivia Moreira
231;Pedro Gonçalves
232;Pedro Costa
233;Quirino Oliveira
234;Quirino Lima
235;Rafaela Silva
236;Rafaela Gonçalves
237;Sabrina Moreira
238;Sabrina Oliveira
239;Thiago Gonçalves
240;Thiago Santos
241;Ulisses Lima
242;Ulisses Moreira
243;Vanessa Santos
244;Vanessa Lima
245;William Almeida
246;William Gonçalves
247;Xênia Rocha
248;Xênia Costa
249;Yara Moreira
250;Yara Oliveira
251;Zuleica Gonçalves
252;Zuleica Santos
253;Ana Paula Silva
254;Ana Costa
255;Bruno Costa
256;Bruno Lima
257;Carolina Oliveira
258;Carolina Moreira
259;Daniel Santos
260;Daniel Oliveira
261;Eduarda Lima
262;Eduarda Santos
263;Felipe Pereira
264;Felipe Gonçalves
265;Gabriel Gonçalves
266;Gabriel Lima
267;Helena Moreira
268;Helena Costa
269;Igor Lima
270;Igor Santos
271;Jéssica Costa
272;Jéssica Moreira
273;Kauê Santos
274;Kauê Oliveira
275;Luana Almeida
276;Luana Gonçalves
277;Márcio Moreira
278;Márcio Lima
279;Natália Silva
280;Natália Costa
281;Otávio Lima
282;Otávio Santos
283;Paula Gonçalves
284;Paula Moreira
285;Ricardo Costa
286;Ricardo Oliveira
287;Samantha Santos
288;Samantha Lima
289;Tatiana Moreira
290;Tatiana Gonçalves
291;Ulisses Oliveira
292;Ulisses Costa
293;Valéria Lima
294;Valéria Santos
295;Wagner Silva
296;Wagner Moreira
297;Xênia Gonçalves
298;Xênia Oliveira
299;Yasmin Costa
300;Yasmin Gonçalves
301;Beatriz Cardoso
302;Edson Oliveira
303;Cesar Moreira
304;Fabiana Santos
305;Daniela Oliveira
306;Gustavo Moreira
307;Eduardo Santos
308;Helena Costa
309;Fernanda Lima
310;Igor Gonçalves
311;Guilherme Pereira
312;Janaína Pereira
313;Heloísa Andrade
314;Kleber Silva
315;Iago Gonçalves
316;Lorena Moreira
317;Julia Costa
318;Marcelo Gonçalves
319;Kevin Silva
320;Natália Santos
321;Larissa Almeida
322;Otávio Lima
323;Marcelo Moreira
324;Paula Gonçalves
325;Nádia Rocha
326;Ricardo Costa
327;Otávio Campos
328;Sabrina Moreira
329;Priscila Mendes
330;Tatiana Santos
331;Rodrigo Fernandes
332;Ulysses Oliveira
333;Sofia Lima
334;Vitor Pereira
335;Túlio Carvalho
336;Wellington Moreira
337;Valter Oliveira
338;Xênia Silva
339;Wanderley Silva
340;Yasmin Lima
341;Xavier Santos
342;Zuleica Gonçalves
343;Yasmin Pereira
344;André Costa
345;Zelda Moreira
346;Bruna Mendes
347;André Gonçalves
348;Carlos Silva
349;Bia Costa
350;Diana Moreira
351;Carlos Mendes
352;Eduardo Pereira
353;Denise Lima
354;Fabiana Gonçalves
355;Ernesto Rocha
356;Gabriel Costa
357;Flávia Santos
358;Helena Oliveira
359;Gustavo Moreira
360;Inácio Moreira
361;Helena Pereira
362;Júlia Gonçalves
363;Ícaro Gonçalves
364;Kleber Pereira
365;João Costa
366;Leonardo Santos
367;Karina Silva
368;Melissa Lima
369;Lucas Andrade
370;Nathália Costa
371;Mariana Rocha
372;Otávio Moreira
373;Nelson Lima
374;Paulo Gonçalves
375;Orlando Gonçalves
376;Ricardo Silva
377;Patrícia Costa
378;Sara Oliveira
379;Roberto Mendes
380;Tainá Moreira
381;Simone Oliveira
382;Uirá Costa
383;Thiago Moreira
384;Vanessa Mendes
385;Vanessa Lima
386;Willian Pereira
387;William Pereira
388;Xana Lima
389;Xênia Gonçalves
390;Yasmin Gonçalves
391;Yago Costa
392;Zeca Moreira
393;Zuleica Silva
394;Amanda Costa
395;Aline Rocha
396;Bruno Pereira
397;Breno Moreira
398;Catarina Silva
399;Carolina Pereira
400;Diego Moreira
401;Diogo Costa
402;Eliane Santos
403;Elisa Mendes
404;Fernando Lima
405;Fabiano Oliveira
406;Glória Costa
407;Gustavo Lima
408;Henrique Gonçalves
409;Heloísa Gonçalves
410;Ísis Oliveira
411;Inácio Costa
412;João Moreira
413;Júlia Santos
414;Karina Costa
415;Kauê Moreira
416;Lúcia Santos
417;Letícia Pereira
418;Marcelo Lima
419;Marcos Gonçalves
420;Nícolas Gonçalves
421;Nícolas Oliveira
422;Olivia Costa
423;Olivia Costa
424;Pedro Moreira
425;Paulo Moreira
426;Quésia Pereira
427;Rafaela Silva
428;Roberta Silva
429;Sérgio Mendes
430;Samuel Oliveira
431;Teresa Lima
432;Tadeu Moreira
433;Uirá Gonçalves
434;Úrsula Costa
435;Victor Costa
436;Vagner Mendes
437;Wesley Moreira
438;Wellington Gonçalves
439;Xana Oliveira
440;Xana Moreira
441;Yara Santos
442;Yasmin Santos
443;Zeca Gonçalves
444;Zuleica Oliveira
445;Bárbara Costa
446;Aline Costa
447;Caio Mendes
448;Breno Pereira
449;Daniela Lima
450;Caio Silva
451;Clara Santos
452;Débora Moreira
453;Davi Moreira
454;Elisa Lima
455;Elisa Pereira
456;Fabiano Gonçalves
457;Fabrício Gonçalves
458;Gabriel Costa
459;Gabriela Costa
460;Helena Santos
461;Heitor Lima
462;Inácio Moreira
463;Igor Santos
464;Jéssica Gonçalves
465;Júlia Gonçalves
466;Kauê Oliveira
467;Kauê Costa
468;Larissa Moreira
469;Larissa Moreira
470;Marcelo Costa
471;Marcos Silva
472;Natália Gonçalves
473;Nádia Gonçalves
474;Otávio Santos
475;Olivia Moreira
476;Pedro Moreira
477;Pedro Costa
478;Quirino Pereira
479;Quirino Silva
480;Ricardo Silva
481;Rafaela Gonçalves
482;Sérgio Gonçalves
483;Samuel Moreira
484;Tainá Costa
485;Tatiana Costa
486;Ulisses Moreira
487;Ulisses Pereira
488;Valéria Oliveira
489;Valéria Gonçalves
490;William Santos
491;William Costa
492;Xênia Pereira
493;Xênia Oliveira
494;Yago Gonçalves
495;Yasmin Moreira
496;Zelda Moreira
497;Zuleica Santos
498;Andréa Costa
499;Ana Gonçalves
500;Bernardo Mendes
501;Bruno Costa
502;Mariana Santos
503;Carolina Pereira
504;Natália Lima
505;Diego Moreira
506;Otávio Gonçalves
507;Elisa Silva
508;Paulo Costa
509;Felipe Gonçalves
510;Quésia Moreira
511;Gabriela Lima
512;Rafaela Silva
513;Henrique Moreira
514;Samuel Gonçalves
515;Igor Gonçalves
516;Tainá Pereira
517;Júlia Costa
518;Ulisses Santos
519;Kauê Moreira
520;Valéria Lima
521;Larissa Gonçalves
522;William Costa
523;Marcos Costa
524;Xênia Moreira
525;Natália Oliveira
526;Yasmin Gonçalves
527;Otávio Moreira
528;Zuleica Santos
529;Pedro Gonçalves
530;André Costa
531;Quésia Lima
532;Bianca Gonçalves
533;Rafael Costa
534;Caio Pereira
535;Sara Moreira
536;Diego Santos
537;Thales Gonçalves
538;Elisa Lima
539;Ulisses Silva
540;Felipe Costa
541;Vanessa Moreira
542;Gustavo Gonçalves
543;Wellington Costa
544;Helena Moreira
545;Xênia Gonçalves
546;Inácio Santos
547;Yasmin Lima
548;Júlia Costa
549;Zeca Moreira
550;Kauê Gonçalves
551;André Costa
552;Lucas Pereira
553;Bianca Silva
554;Mariana Lima
555;Caio Gonçalves
556;Natália Costa
557;Daniela Costa
558;Otávio Moreira
559;Eduardo Moreira
560;Pedro Gonçalves
561;Fernanda Lima
562;Quirino Lima
563;Gustavo Gonçalves
564;Rafaela Costa
565;Helena Moreira
566;Samuel Moreira
567;Ícaro Costa
568;Tatiana Gonçalves
569;Jéssica Gonçalves
570;Ulisses Costa
571;Kauê Pereira
572;Valéria Moreira
573;Larissa Santos
574;William Santos
575;Marcos Moreira
576;Xênia Lima
577;Nívia Gonçalves
578;Yasmin Costa
579;Olivia Costa
580;Zuleica Gonçalves
581;Pedro Moreira
582;Amanda Pereira
583;Quirino Gonçalves
584;Bruno Santos
585;Rafaela Santos
586;Carla Costa
587;Sérgio Costa
588;Diogo Gonçalves
589;Tatiana Moreira
590;Elisa Moreira
591;Uirá Gonçalves
592;Fabiano Lima
593;Valéria Costa
594;Gabriel Costa
595;William Lima
596;Helena Pereira
597;Xênia Moreira
598;Inácio Gonçalves
599;Yago Gonçalves
600;Janaína Lima
601;Zuleica Costa
602;Kauê Costa
603;Amanda Moreira
604;Larissa Moreira
605;Bruno Gonçalves
606;Marcelo Gonçalves
607;Carla Costa
608;Natália Pereira
609;Diego Silva
610;Otávio Lima
611;Elisa Moreira
612;Paula Costa
613;Fábio Gonçalves
614;Quésia Gonçalves
615;Gustavo Costa
616;Ricardo Moreira
617;Helena Santos
618;Sabrina Lima
619;Inácio Gonçalves
620;Tiago Costa
621;Janaína Moreira
622;Ulisses Gonçalves
623;Kauê Costa
624;Vanessa Moreira
625;Larissa Gonçalves
626;William Lima
627;Marcelo Santos
628;Xênia Costa
629;Natália Moreira
630;Yasmin Gonçalves
631;Otávio Gonçalves
632;Zuleica Moreira
633;Pedro Costa
635;Ana Lima
636;Quésia Moreira
637;Bruno Costa
638;Rafaela Gonçalves
639;Carolina Gonçalves
640;Samuel Costa
641;Diego Moreira
642;Tainá Moreira
643;Elisa Pereira
644;Ulisses Gonçalves
646;Fábio Costa
647;Valéria Costa
648;Gabriel Gonçalves
649;Wellington Gonçalves
650;Helena Lima
651;Xênia Moreira
652;Igor Costa
653;Yasmin Costa
654;Júlia Moreira
655;Zeca Gonçalves
656;Kauê Gonçalves
657;Aline Costa
658;Lucas Lima
659;Breno Moreira
660;Marcos Pereira
663;Carla Gonçalves
664;Natália Costa
665;Diogo Costa
666;Otávio Moreira
668;Elisa Gonçalves
669;Paula Gonçalves
670;Felipe Moreira
671;Ricardo Lima
672;Gabriel Costa
674;Sabrina Costa
675;Helena Gonçalves
676;Tatiana Moreira
677;Inácio Moreira
678;Ulisses Gonçalves
679;Júlia Costa
680;Vanessa Lima
681;Kauê Gonçalves
682;William Costa
683;Lucas Moreira
685;Xênia Moreira
686;Marcos Costa
687;Yasmin Gonçalves
688;Natália Gonçalves
689;Zuleica Lima
690;Otávio Moreira
691;André Costa
692;Paulo Costa
693;Bruna Gonçalves
694;Quirino Gonçalves
696;Caio Moreira
697;Rafaela Moreira
698;Daniela Lima
699;Samuel Costa
700;Eduardo Costa
701;Tatiana Gonçalves
702;Fabiana Gonçalves
703;Ulisses Moreira
705;Gabriel Moreira
706;Valéria Gonçalves
708;Helena Costa
709;William Costa
710;Inácio Lima
711;Xênia Moreira
712;Janaína Gonçalves
714;Yasmin Gonçalves
715;Kauê Moreira
717;Zuleica Moreira
718;Larissa Costa
719;André Costa
720;Marcelo Gonçalves
721;Bianca Gonçalves
722;Natália Lima
723;Caio Moreira
724;Otávio Costa
725;Diego Costa
728;Patrícia Moreira
729;Elisa Gonçalves
731;Quirino Lima
732;Felipe Moreira
733;Ricardo Gonçalves
735;Gustavo Costa
736;Sabrina Costa
737;Helena Gonçalves
738;Tiago Moreira
739;Inácio Moreira
740;Ulisses Lima
741;Júlia Costa
742;Vanessa Gonçalves
743;Kauê Gonçalves
744;William Costa
746;Lucas Moreira
748;Xênia Moreira
749;Mariana
751;Yasmin Lima
752;Mariana Santos
753;Zuleica Costa
754;Natália Lima
755;Ana Moreira
756;Otávio Gonçalves
758;Bruno Gonçalves
759;Paulo Costa
760;Carolina Costa
761;Quésia Moreira
762;Diego Lima
763;Rafaela Silva
765;Elisa Gonçalves
766;Samuel Gonçalves
767;Felipe Moreira
768;Tainá Pereira
769;Gabriel Costa
770;Ulisses Santos
771;Helena Lima
772;Valéria Lima
773;Igor Gonçalves
774;William Costa
775;Júlia Costa
776;Xênia Moreira
777;Kauê Moreira
780;Yasmin Gonçalves
781;Lucas Gonçalves
782;Zuleica Santos
783;Mariana Lima
785;André Costa
786;Natália Costa
787;Bianca Gonçalves
788;Otávio Gonçalves
789;Caio Pereira
790;Pedro Moreira
791;Diego Santos
792;Quésia Costa
793;Elisa Lima
794;Ricardo Lima
795;Felipe Costa
796;Sabrina Gonçalves
797;Gustavo Gonçalves
798;Tatiana Moreira
799;Helena Moreira
800;Ulisses Costa
801;Inácio Santos
802;Valéria Gonçalves
803;Júlia Costa
804;William Lima
805;Kauê Gonçalves
806;Xênia Costa
807;Lucas Pereira
808;Yasmin Gonçalves
809;Mariana Lima
811;Zuleica Moreira
812;Natália Costa
814;André Lima
815;Otávio Moreira
816;Bruna Costa
817;Pedro Gonçalves
818;Caio Gonçalves
819;Quirino Lima
820;Daniela Moreira
821;Rafaela Costa
822;Eduardo Costa
